"","Dim 1","Dim 2"
"Newsletter",0.000000000000000963202886814186,1.74455675197729
"Other",2.30527345759364,-0.57321150422111
"Slack",-0.576318364398408,-0.57321150422111
