"","Dim 1","Dim 2"
"0",0.000000000000000331413959678835,-0.744208407535251
"1",-1.58437177396237,1.34370962471642
"2+",1.77076845325206,1.34370962471643
